,precision,recall,f1-score,support
0,0.7488262910798122,0.6392785571142284,0.6897297297297298,499.0
weighted avg,0.6680090766210539,0.6495726495726496,0.6536841037822806,819.0
accuracy,0.6495726495726496,0.6495726495726496,0.6495726495726496,0.6495726495726496
macro avg,0.6454055119521198,0.6524517785571142,0.6436025927751033,819.0
1,0.5419847328244275,0.665625,0.5974754558204769,320.0
