,precision,recall,f1-score,support
0,0.7317073170731707,0.675,0.7022106631989596,400.0
1,0.5470383275261324,0.61328125,0.578268876611418,256.0
accuracy,0.6509146341463414,0.6509146341463414,0.6509146341463414,0.6509146341463414
macro avg,0.6393728222996515,0.644140625,0.6402397699051888,656.0
weighted avg,0.659641369932863,0.6509146341463414,0.6538431367257727,656.0
