Measures,Precision,Recall,F1-score,Support
Not potable (0),0.946360153,0.92625,0.936197094,800
Potable (1),0.888257576,0.917808219,0.902791145,511
Accuracy,0.922959573,0.922959573,0.922959573,0.922959573
macro avg,0.917308865,0.92202911,0.91949412,1311
weighted avg,0.923713001,0.922959573,0.923176164,1311
