,precision,recall,f1-score,support
0,0.7367021276595744,0.6925,0.7139175257731959,400.0
weighted avg,0.6680239454370227,0.6615853658536586,0.6639285968948319,656.0
accuracy,0.6615853658536586,0.6615853658536586,0.6615853658536586,0.6615853658536586
macro avg,0.6487082066869301,0.652890625,0.6498692106477919,656.0
1,0.5607142857142857,0.61328125,0.585820895522388,256.0
