,precision,recall,f1-score,support
0,0.946360153256705,0.92625,0.936197094125079,800.0
1,0.8882575757575758,0.9178082191780822,0.9027911453320501,511.0
accuracy,0.9229595728451564,0.9229595728451564,0.9229595728451564,0.9229595728451564
macro avg,0.9173088645071403,0.9220291095890412,0.9194941197285645,1311.0
weighted avg,0.9237130006235587,0.9229595728451564,0.9231761636649434,1311.0
